{"title":"A Preface","markdown":{"yaml":{"title":"A Preface","number":false},"headingText":"From Vibes to Variables","containsRefs":false,"markdown":"\n\n\nWelcome to *Research Methods in Mass Media*, a textbook designed to transform how you think about data, evidence, and storytelling. This book rejects the false dichotomy between \"creative\" and \"analytical\" thinking. Instead, it argues that research is fundamentally a narrative practice—one that requires curiosity, discipline, and the courage to challenge your assumptions.\n\n## Who This Book Is For\n\nThis textbook was created for mass communication students who may have never written a line of code, analyzed a dataset, or read a peer-reviewed journal article. You might be a journalist, a content creator, a media critic, or simply someone curious about how media shapes society. You don't need a background in statistics or programming. You need only two things:\n\n1. **Curiosity**: A willingness to ask questions and pursue answers systematically.\n2. **Humility**: A recognition that your intuitions, however compelling, must be tested against evidence.\n\n## The Philosophy: Constructivist Learning Through Storytelling\n\nTraditional research methods courses treat statistics as a foreign language to be memorized. This book takes a different approach. It frames research as **storytelling with evidence**—a narrative arc that moves from curiosity (the inciting incident) to systematic inquiry (the rising action) to interpretation (the climax) to publication (the resolution).\n\nYou'll learn by *doing*: formulating questions about media phenomena you care about (Twitch streams, gaming communities, news framing, social media influence), gathering evidence, analyzing patterns, and communicating findings. Every concept is grounded in examples from the SIM Lab's research on streaming media, esports, parasocial interaction, and digital communication.\n\n## The Journey: From Journalist to Scientist\n\nThis textbook guides you through a 14-chapter arc:\n\n- **Chapters 1-3**: Foundations (storytelling, reproducibility, epistemology)\n- **Chapters 4-6**: Planning (literature review, theory, project design)\n- **Chapters 7-10**: Operationalization (observation, variables, codebooks, sampling)\n- **Chapters 11-13**: Analysis (data wrangling, visualization, inference)\n- **Chapter 14**: Publication (reproducible reporting, GitHub Pages deployment)\n\nBy the end, you won't just understand research—you'll have *conducted* research and published it as a live, interactive website.\n\n## The Tools: R, Quarto, and Reproducible Workflows\n\nThis book teaches reproducible research using open-source tools:\n\n- **R**: A programming language for statistical analysis and visualization.\n- **Quarto**: A publishing system that weaves code, narrative, and outputs into dynamic documents.\n- **Git/GitHub**: Version control and collaborative platforms for transparent research.\n\nYou'll write code, but you won't *just* write code. You'll learn to think computationally—to break complex problems into logical steps, document decisions, and produce work that others can verify and extend.\n\n## A Note on Assignments\n\nThis textbook contains **content only**. While companion assignment templates exist in a separate folder (`templates/`), the chapters themselves focus on teaching concepts, theories, and methods. Instructors can integrate this textbook into courses with flexible assessment structures.\n\n## Acknowledgments\n\nThis book was developed at the **Social Interaction & Media (SIM) Lab** at Southern Illinois University Edwardsville. It reflects years of iterative design, countless student projects, and a commitment to making rigorous research accessible to novice scholars.\n\nSpecial thanks to the students who tested early versions of this curriculum, debugged our code examples, and reminded us that clarity matters more than cleverness.\n\n---\n\n**Now, let's begin.**\n","srcMarkdownNoYaml":"\n\n# From Vibes to Variables \n\nWelcome to *Research Methods in Mass Media*, a textbook designed to transform how you think about data, evidence, and storytelling. This book rejects the false dichotomy between \"creative\" and \"analytical\" thinking. Instead, it argues that research is fundamentally a narrative practice—one that requires curiosity, discipline, and the courage to challenge your assumptions.\n\n## Who This Book Is For\n\nThis textbook was created for mass communication students who may have never written a line of code, analyzed a dataset, or read a peer-reviewed journal article. You might be a journalist, a content creator, a media critic, or simply someone curious about how media shapes society. You don't need a background in statistics or programming. You need only two things:\n\n1. **Curiosity**: A willingness to ask questions and pursue answers systematically.\n2. **Humility**: A recognition that your intuitions, however compelling, must be tested against evidence.\n\n## The Philosophy: Constructivist Learning Through Storytelling\n\nTraditional research methods courses treat statistics as a foreign language to be memorized. This book takes a different approach. It frames research as **storytelling with evidence**—a narrative arc that moves from curiosity (the inciting incident) to systematic inquiry (the rising action) to interpretation (the climax) to publication (the resolution).\n\nYou'll learn by *doing*: formulating questions about media phenomena you care about (Twitch streams, gaming communities, news framing, social media influence), gathering evidence, analyzing patterns, and communicating findings. Every concept is grounded in examples from the SIM Lab's research on streaming media, esports, parasocial interaction, and digital communication.\n\n## The Journey: From Journalist to Scientist\n\nThis textbook guides you through a 14-chapter arc:\n\n- **Chapters 1-3**: Foundations (storytelling, reproducibility, epistemology)\n- **Chapters 4-6**: Planning (literature review, theory, project design)\n- **Chapters 7-10**: Operationalization (observation, variables, codebooks, sampling)\n- **Chapters 11-13**: Analysis (data wrangling, visualization, inference)\n- **Chapter 14**: Publication (reproducible reporting, GitHub Pages deployment)\n\nBy the end, you won't just understand research—you'll have *conducted* research and published it as a live, interactive website.\n\n## The Tools: R, Quarto, and Reproducible Workflows\n\nThis book teaches reproducible research using open-source tools:\n\n- **R**: A programming language for statistical analysis and visualization.\n- **Quarto**: A publishing system that weaves code, narrative, and outputs into dynamic documents.\n- **Git/GitHub**: Version control and collaborative platforms for transparent research.\n\nYou'll write code, but you won't *just* write code. You'll learn to think computationally—to break complex problems into logical steps, document decisions, and produce work that others can verify and extend.\n\n## A Note on Assignments\n\nThis textbook contains **content only**. While companion assignment templates exist in a separate folder (`templates/`), the chapters themselves focus on teaching concepts, theories, and methods. Instructors can integrate this textbook into courses with flexible assessment structures.\n\n## Acknowledgments\n\nThis book was developed at the **Social Interaction & Media (SIM) Lab** at Southern Illinois University Edwardsville. It reflects years of iterative design, countless student projects, and a commitment to making rigorous research accessible to novice scholars.\n\nSpecial thanks to the students who tested early versions of this curriculum, debugged our code examples, and reminded us that clarity matters more than cleverness.\n\n---\n\n**Now, let's begin.**\n"},"formats":{"html":{"identifier":{"display-name":"HTML","target-format":"html","base-format":"html"},"execute":{"fig-width":7,"fig-height":5,"fig-format":"retina","fig-dpi":96,"df-print":"default","error":false,"eval":true,"cache":null,"freeze":false,"echo":true,"output":true,"warning":true,"include":true,"keep-md":false,"keep-ipynb":false,"ipynb":null,"enabled":null,"daemon":null,"daemon-restart":false,"debug":false,"ipynb-filters":[],"ipynb-shell-interactivity":null,"plotly-connected":true,"engine":"markdown"},"render":{"keep-tex":false,"keep-typ":false,"keep-source":false,"keep-hidden":false,"prefer-html":false,"output-divs":true,"output-ext":"html","fig-align":"default","fig-pos":null,"fig-env":null,"code-fold":"none","code-overflow":"scroll","code-link":false,"code-line-numbers":false,"code-tools":false,"tbl-colwidths":"auto","merge-includes":true,"inline-includes":false,"preserve-yaml":false,"latex-auto-mk":true,"latex-auto-install":true,"latex-clean":true,"latex-min-runs":1,"latex-max-runs":10,"latex-makeindex":"makeindex","latex-makeindex-opts":[],"latex-tlmgr-opts":[],"latex-input-paths":[],"latex-output-dir":null,"link-external-icon":false,"link-external-newwindow":false,"self-contained-math":false,"format-resources":[],"notebook-links":true},"pandoc":{"standalone":true,"wrap":"none","default-image-extension":"png","to":"html","toc":true,"toc-depth":3,"output-file":"index.html"},"language":{"toc-title-document":"Table of contents","toc-title-website":"On this page","related-formats-title":"Other Formats","related-notebooks-title":"Notebooks","source-notebooks-prefix":"Source","other-links-title":"Other Links","code-links-title":"Code Links","launch-dev-container-title":"Launch Dev Container","launch-binder-title":"Launch Binder","article-notebook-label":"Article Notebook","notebook-preview-download":"Download Notebook","notebook-preview-download-src":"Download Source","notebook-preview-back":"Back to Article","manuscript-meca-bundle":"MECA Bundle","section-title-abstract":"Abstract","section-title-appendices":"Appendices","section-title-footnotes":"Footnotes","section-title-references":"References","section-title-reuse":"Reuse","section-title-copyright":"Copyright","section-title-citation":"Citation","appendix-attribution-cite-as":"For attribution, please cite this work as:","appendix-attribution-bibtex":"BibTeX citation:","appendix-view-license":"View License","title-block-author-single":"Author","title-block-author-plural":"Authors","title-block-affiliation-single":"Affiliation","title-block-affiliation-plural":"Affiliations","title-block-published":"Published","title-block-modified":"Modified","title-block-keywords":"Keywords","callout-tip-title":"Tip","callout-note-title":"Note","callout-warning-title":"Warning","callout-important-title":"Important","callout-caution-title":"Caution","code-summary":"Code","code-tools-menu-caption":"Code","code-tools-show-all-code":"Show All Code","code-tools-hide-all-code":"Hide All Code","code-tools-view-source":"View Source","code-tools-source-code":"Source Code","tools-share":"Share","tools-download":"Download","code-line":"Line","code-lines":"Lines","copy-button-tooltip":"Copy to Clipboard","copy-button-tooltip-success":"Copied!","repo-action-links-edit":"Edit this page","repo-action-links-source":"View source","repo-action-links-issue":"Report an issue","back-to-top":"Back to top","search-no-results-text":"No results","search-matching-documents-text":"matching documents","search-copy-link-title":"Copy link to search","search-hide-matches-text":"Hide additional matches","search-more-match-text":"more match in this document","search-more-matches-text":"more matches in this document","search-clear-button-title":"Clear","search-text-placeholder":"","search-detached-cancel-button-title":"Cancel","search-submit-button-title":"Submit","search-label":"Search","toggle-section":"Toggle section","toggle-sidebar":"Toggle sidebar navigation","toggle-dark-mode":"Toggle dark mode","toggle-reader-mode":"Toggle reader mode","toggle-navigation":"Toggle navigation","crossref-fig-title":"Figure","crossref-tbl-title":"Table","crossref-lst-title":"Listing","crossref-thm-title":"Theorem","crossref-lem-title":"Lemma","crossref-cor-title":"Corollary","crossref-prp-title":"Proposition","crossref-cnj-title":"Conjecture","crossref-def-title":"Definition","crossref-exm-title":"Example","crossref-exr-title":"Exercise","crossref-ch-prefix":"Chapter","crossref-apx-prefix":"Appendix","crossref-sec-prefix":"Section","crossref-eq-prefix":"Equation","crossref-lof-title":"List of Figures","crossref-lot-title":"List of Tables","crossref-lol-title":"List of Listings","environment-proof-title":"Proof","environment-remark-title":"Remark","environment-solution-title":"Solution","listing-page-order-by":"Order By","listing-page-order-by-default":"Default","listing-page-order-by-date-asc":"Oldest","listing-page-order-by-date-desc":"Newest","listing-page-order-by-number-desc":"High to Low","listing-page-order-by-number-asc":"Low to High","listing-page-field-date":"Date","listing-page-field-title":"Title","listing-page-field-description":"Description","listing-page-field-author":"Author","listing-page-field-filename":"File Name","listing-page-field-filemodified":"Modified","listing-page-field-subtitle":"Subtitle","listing-page-field-readingtime":"Reading Time","listing-page-field-wordcount":"Word Count","listing-page-field-categories":"Categories","listing-page-minutes-compact":"{0} min","listing-page-category-all":"All","listing-page-no-matches":"No matching items","listing-page-words":"{0} words","listing-page-filter":"Filter","draft":"Draft"},"metadata":{"lang":"en","fig-responsive":true,"quarto-version":"1.8.26","theme":"cosmo","number-depth":2,"title":"A Preface","number":false},"extensions":{"book":{"multiFile":true}}}},"projectFormats":["html"]}